videoID;country;views
"Wt7ee9-jJwk";"CH";0
"4xapOrfLvbg";"AE";0
"4xapOrfLvbg";"AO";0
"4xapOrfLvbg";"AR";0
"4xapOrfLvbg";"AT";0
"4xapOrfLvbg";"BD";0
"4xapOrfLvbg";"BE";0
"4xapOrfLvbg";"BZ";0
"4xapOrfLvbg";"CH";0
"4xapOrfLvbg";"CL";0
"4xapOrfLvbg";"CO";0
"4xapOrfLvbg";"CR";0
"4xapOrfLvbg";"CW";0
"4xapOrfLvbg";"CZ";0
"4xapOrfLvbg";"DO";0
"4xapOrfLvbg";"FI";0
"4xapOrfLvbg";"GR";0
"4xapOrfLvbg";"GT";0
"4xapOrfLvbg";"HK";0
"4xapOrfLvbg";"HR";0
"4xapOrfLvbg";"HU";0
"4xapOrfLvbg";"ID";0
"4xapOrfLvbg";"IE";0
"4xapOrfLvbg";"IL";0
"4xapOrfLvbg";"IT";0
"4xapOrfLvbg";"JP";0
"4xapOrfLvbg";"KE";0
"4xapOrfLvbg";"KH";0
"4xapOrfLvbg";"KW";0
"4xapOrfLvbg";"LT";0
"4xapOrfLvbg";"LU";0
"4xapOrfLvbg";"MA";0
"4xapOrfLvbg";"MM";0
"4xapOrfLvbg";"MO";0
"4xapOrfLvbg";"MU";0
"4xapOrfLvbg";"MX";0
"4xapOrfLvbg";"NG";0
"4xapOrfLvbg";"NO";0
"4xapOrfLvbg";"NZ";0
"4xapOrfLvbg";"OM";0
"4xapOrfLvbg";"PA";0
"4xapOrfLvbg";"PK";0
"4xapOrfLvbg";"PS";0
"4xapOrfLvbg";"PT";0
"4xapOrfLvbg";"QA";0
"4xapOrfLvbg";"RO";0
"4xapOrfLvbg";"RU";0
"4xapOrfLvbg";"SA";0
"4xapOrfLvbg";"SE";0
"4xapOrfLvbg";"SK";0
"4xapOrfLvbg";"SR";0
"4xapOrfLvbg";"TR";0
"4xapOrfLvbg";"TW";0
"4xapOrfLvbg";"VN";0
"4xapOrfLvbg";"ZA";0
"_GOIflxSlYI";"ID";0
"_GOIflxSlYI";"IS";0
"_GOIflxSlYI";"IT";0
"gNCTjoCu6k4";"ES";0
"wG3J8lO9d5I";"AO";0
"wG3J8lO9d5I";"AR";0
"wG3J8lO9d5I";"BD";0
"wG3J8lO9d5I";"BE";0
"wG3J8lO9d5I";"CH";0
"wG3J8lO9d5I";"DE";0
"wG3J8lO9d5I";"DK";0
"wG3J8lO9d5I";"FR";0
"wG3J8lO9d5I";"IT";0
"wG3J8lO9d5I";"JP";0
"wG3J8lO9d5I";"MX";0
"wG3J8lO9d5I";"PH";0
"wG3J8lO9d5I";"PR";0
"wG3J8lO9d5I";"PT";0
"wG3J8lO9d5I";"SG";0
"wG3J8lO9d5I";"TH";0
"wG3J8lO9d5I";"ZA";0
"HJr4mLYsnB8";"CA";0
"HJr4mLYsnB8";"DK";0
"ZilC968Fc9c";"DE";0
"ZilC968Fc9c";"SA";0
"-tTYPCTciyU";"ZA";0
"hilfglpKNRQ";"ZA";0
"cTqFNg_y9lw";"AT";0
"cTqFNg_y9lw";"CA";0
"cTqFNg_y9lw";"CL";0
"cTqFNg_y9lw";"DK";0
"cTqFNg_y9lw";"GR";0
"cTqFNg_y9lw";"HR";0
"cTqFNg_y9lw";"NG";0
"cTqFNg_y9lw";"NP";0
"cTqFNg_y9lw";"NZ";0
"cTqFNg_y9lw";"PH";0
"cTqFNg_y9lw";"SG";0
"IURWlw2_6Ks";"AE";0
"AJxCCfFmLTQ";"FI";0
"AJxCCfFmLTQ";"FR";0
"AJxCCfFmLTQ";"IL";0
"AJxCCfFmLTQ";"IT";0
"AJxCCfFmLTQ";"MX";0
"AJxCCfFmLTQ";"PT";0
"AJxCCfFmLTQ";"QA";0
"AJxCCfFmLTQ";"SG";0
"AJxCCfFmLTQ";"TH";0
"AJxCCfFmLTQ";"ZA";0
"ZlKMxbC4ehg";"IT";0
"ZlKMxbC4ehg";"PH";0
"ZlKMxbC4ehg";"VN";0
"8H9xM741hBQ";"NL";0
"DtOfcsS_pQw";"AZ";0
"DtOfcsS_pQw";"FR";0
"DtOfcsS_pQw";"GR";0
"KJod3LG84bk";"FI";0
"KJod3LG84bk";"ZA";0
"Ax-jgwnolNI";"CA";0
"Ax-jgwnolNI";"JP";0
"7vCD8Zu686Q";"AR";0
"7vCD8Zu686Q";"BO";0
"7vCD8Zu686Q";"CL";0
"7vCD8Zu686Q";"CN";0
"7vCD8Zu686Q";"CO";0
"7vCD8Zu686Q";"CR";0
"7vCD8Zu686Q";"HK";0
"7vCD8Zu686Q";"HR";0
"7vCD8Zu686Q";"ID";0
"7vCD8Zu686Q";"KE";0
"7vCD8Zu686Q";"KR";0
"7vCD8Zu686Q";"MA";0
"7vCD8Zu686Q";"MU";0
"7vCD8Zu686Q";"TR";0
"XKmTknbusnY";"BD";0
"XKmTknbusnY";"BZ";0
"XKmTknbusnY";"CA";0
"XKmTknbusnY";"CL";0
"XKmTknbusnY";"CO";0
"XKmTknbusnY";"DE";0
"XKmTknbusnY";"DK";0
"XKmTknbusnY";"FR";0
"XKmTknbusnY";"IT";0
"XKmTknbusnY";"MY";0
"XKmTknbusnY";"NL";0
"XKmTknbusnY";"NO";0
"XKmTknbusnY";"PT";0
"RVcJ3O_O2Jg";"BR";0
"RVcJ3O_O2Jg";"CH";0
"RVcJ3O_O2Jg";"ES";0
"RVcJ3O_O2Jg";"GT";0
"RVcJ3O_O2Jg";"TH";0
"S1kTTQARvVs";"TH";0
"dbZJLFI-t-Y";"AU";0
"dbZJLFI-t-Y";"CA";0
"dbZJLFI-t-Y";"DK";0
"dbZJLFI-t-Y";"FR";0
"bU35LnSfo70";"CA";0
"MXKDEyc-vtU";"DE";0
"MXKDEyc-vtU";"FR";0
"MXKDEyc-vtU";"SG";0
"MXKDEyc-vtU";"UA";0
"O0VsTLDTjss";"AR";0
"O0VsTLDTjss";"JM";0
"O0VsTLDTjss";"NP";0
"A4iG8S4EpHs";"SG";0
"QBD4na6Aeq0";"HU";0
"uq5PQg_hZro";"BY";0
"uq5PQg_hZro";"CH";0
"uq5PQg_hZro";"CL";0
"uq5PQg_hZro";"CO";0
"uq5PQg_hZro";"CZ";0
"uq5PQg_hZro";"DK";0
"uq5PQg_hZro";"ES";0
"uq5PQg_hZro";"FI";0
"uq5PQg_hZro";"FR";0
"uq5PQg_hZro";"GE";0
"uq5PQg_hZro";"HR";0
"uq5PQg_hZro";"JP";0
"uq5PQg_hZro";"KY";0
"uq5PQg_hZro";"LV";0
"uq5PQg_hZro";"MX";0
"uq5PQg_hZro";"NZ";0
"uq5PQg_hZro";"PE";0
"uq5PQg_hZro";"PH";0
"uq5PQg_hZro";"PL";0
"uq5PQg_hZro";"SA";0
"uq5PQg_hZro";"SE";0
"uq5PQg_hZro";"ZA";0
"t4kd-QY6Rh0";"LU";0
"t4kd-QY6Rh0";"SG";0
"fktQmk0a9OI";"AE";0
"A9yVhbgxgl8";"HK";0
"A9yVhbgxgl8";"MA";0
"qZtfSNReft4";"MY";0
"qZtfSNReft4";"RU";0
"9XsMt1TxNeM";"CA";0
"9XsMt1TxNeM";"CZ";0
"9XsMt1TxNeM";"DE";0
"9XsMt1TxNeM";"HU";0
"9XsMt1TxNeM";"NZ";0
"pEAwvMkpA8I";"KR";0
"pEAwvMkpA8I";"MY";0
"pEAwvMkpA8I";"NL";0
"pEAwvMkpA8I";"NZ";0
"pEAwvMkpA8I";"PA";0
"pEAwvMkpA8I";"PT";0
"pEAwvMkpA8I";"SE";0
"pEAwvMkpA8I";"SV";0
"pEAwvMkpA8I";"TH";0
"pEAwvMkpA8I";"TR";0
"pEAwvMkpA8I";"TW";0
"pEAwvMkpA8I";"ZA";0
"T1q3BF5_YJ8";"AR";0
"T1q3BF5_YJ8";"GT";0
"T1q3BF5_YJ8";"IT";0
"T1q3BF5_YJ8";"RU";0
"T1q3BF5_YJ8";"SG";0
"T1q3BF5_YJ8";"TH";0
"VRQq7XVWdR8";"DE";0
"Ka7Ds4EAjNQ";"BR";0
"Ka7Ds4EAjNQ";"CA";0
"Ka7Ds4EAjNQ";"FR";0
"KjUAEci6G20";"BR";0
"KjUAEci6G20";"SG";0
"x-1NiopFC9g";"FR";0
"syzA3PZx3qk";"IL";0
"syzA3PZx3qk";"ZA";0
"PAX5GP9SkTA";"UA";0
"fTUw94veqfE";"CO";0
"fTUw94veqfE";"EC";0
"fTUw94veqfE";"HR";0
"fTUw94veqfE";"HU";0
"fTUw94veqfE";"LK";0
"fTUw94veqfE";"MU";0
"fTUw94veqfE";"MX";0
"fTUw94veqfE";"MY";0
"fTUw94veqfE";"PH";0
"fTUw94veqfE";"SE";0
"fTUw94veqfE";"TH";0
"cr9UBeZ3AvQ";"IE";0
"cr9UBeZ3AvQ";"NZ";0
"cr9UBeZ3AvQ";"PH";0
"cr9UBeZ3AvQ";"UA";0
"Z40Txux1Lxk";"FI";0
"Z40Txux1Lxk";"LT";0
"Z40Txux1Lxk";"TH";0
"Z40Txux1Lxk";"TW";0
"Z40Txux1Lxk";"VN";0
"3QiTBXfxzHA";"AU";0
"3QiTBXfxzHA";"ZA";0
"EmALxO7V7y0";"BO";0
"EmALxO7V7y0";"CH";0
"EmALxO7V7y0";"IT";0
"EmALxO7V7y0";"SG";0
"YeI_n8myE68";"ES";0
"YeI_n8myE68";"RO";0
"-kOvK7IV3sg";"DE";0
"FO6e3rjSslQ";"CZ";0
"DMtlv-BlKP4";"FI";0
"duMSovyosXE";"AE";0
"duMSovyosXE";"AR";0
"duMSovyosXE";"AT";0
"duMSovyosXE";"BB";0
"duMSovyosXE";"BE";0
"duMSovyosXE";"CH";0
"duMSovyosXE";"CL";0
"duMSovyosXE";"CO";0
"duMSovyosXE";"CY";0
"duMSovyosXE";"CZ";0
"duMSovyosXE";"DK";0
"duMSovyosXE";"EC";0
"duMSovyosXE";"FI";0
"duMSovyosXE";"GR";0
"duMSovyosXE";"GT";0
"duMSovyosXE";"HK";0
"duMSovyosXE";"HU";0
"duMSovyosXE";"ID";0
"duMSovyosXE";"IL";0
"duMSovyosXE";"IT";0
"duMSovyosXE";"JP";0
"duMSovyosXE";"LA";0
"duMSovyosXE";"LV";0
"duMSovyosXE";"MX";0
"duMSovyosXE";"MY";0
"duMSovyosXE";"NG";0
"duMSovyosXE";"NI";0
"duMSovyosXE";"NP";0
"duMSovyosXE";"NZ";0
"duMSovyosXE";"PA";0
"duMSovyosXE";"PE";0
"duMSovyosXE";"PK";0
"duMSovyosXE";"PL";0
"duMSovyosXE";"PT";0
"duMSovyosXE";"QA";0
"duMSovyosXE";"SA";0
"duMSovyosXE";"SE";0
"duMSovyosXE";"SG";0
"duMSovyosXE";"SV";0
"duMSovyosXE";"TH";0
"duMSovyosXE";"TZ";0
"duMSovyosXE";"VN";0
"duMSovyosXE";"ZA";0
"CoTLQiMZFbI";"PL";0
"CoTLQiMZFbI";"PT";0
"CoTLQiMZFbI";"RU";0
"H3-evk6-qpQ";"BE";0
"vbg4Je1tuis";"AM";0
"vbg4Je1tuis";"CL";0
"vbg4Je1tuis";"CO";0
"vbg4Je1tuis";"FI";0
"vbg4Je1tuis";"KR";0
"vbg4Je1tuis";"MY";0
"vbg4Je1tuis";"NG";0
"vbg4Je1tuis";"NZ";0
"vbg4Je1tuis";"VN";0
"vbg4Je1tuis";"ZA";0
"8e8a3o1w51M";"AR";0
"8e8a3o1w51M";"CO";0
"8e8a3o1w51M";"NZ";0
"8e8a3o1w51M";"SE";0
"8e8a3o1w51M";"TW";0
"pCgK-Ze3nhA";"BE";0
"pCgK-Ze3nhA";"ES";0
"pCgK-Ze3nhA";"ID";0
"pCgK-Ze3nhA";"QA";0
"pCgK-Ze3nhA";"RU";0
"pCgK-Ze3nhA";"UA";0
"pCgK-Ze3nhA";"VN";0
"dzJvTcCedm8";"AU";0
"dzJvTcCedm8";"CA";0
"dzJvTcCedm8";"CO";0
"dzJvTcCedm8";"DE";0
"dzJvTcCedm8";"MY";0
"dzJvTcCedm8";"NO";0
"dzJvTcCedm8";"TH";0
"dzJvTcCedm8";"VN";0
"dzJvTcCedm8";"ZA";0
"WSnB5y2JXv8";"BB";0
"WSnB5y2JXv8";"CH";0
"WSnB5y2JXv8";"ES";0
"WSnB5y2JXv8";"HR";0
"WSnB5y2JXv8";"ID";0
"WSnB5y2JXv8";"IT";0
"WSnB5y2JXv8";"KR";0
"WSnB5y2JXv8";"MY";0
"_bdHe3z_fVU";"ES";0
"_bdHe3z_fVU";"FI";0
"_bdHe3z_fVU";"MX";0
"_bdHe3z_fVU";"MY";0
"_bdHe3z_fVU";"PL";0
"_bdHe3z_fVU";"SG";0
"BxKIJL5baAU";"BE";0
"WX0nH-lEpk4";"FR";0
"WX0nH-lEpk4";"MX";0
"DWjbd7NPUCM";"AE";0
"DWjbd7NPUCM";"DE";0
"DWjbd7NPUCM";"IE";0
"DWjbd7NPUCM";"MX";0
"DWjbd7NPUCM";"NL";0
"DWjbd7NPUCM";"ZA";0
"Z4E2jSZ4r6A";"CA";0
"2RZkc_qrV1g";"BE";0
"2RZkc_qrV1g";"DE";0
"2RZkc_qrV1g";"KH";0
"2RZkc_qrV1g";"NL";0
"2RZkc_qrV1g";"SA";0
"6jeSIRpjv0M";"AE";0
"6jeSIRpjv0M";"AR";0
"6jeSIRpjv0M";"AT";0
"6jeSIRpjv0M";"BE";0
"6jeSIRpjv0M";"BG";0
"6jeSIRpjv0M";"CN";0
"6jeSIRpjv0M";"CO";0
"6jeSIRpjv0M";"FI";0
"6jeSIRpjv0M";"HK";0
"6jeSIRpjv0M";"HU";0
"6jeSIRpjv0M";"IT";0
"6jeSIRpjv0M";"MA";0
"6jeSIRpjv0M";"MX";0
"6jeSIRpjv0M";"MY";0
"6jeSIRpjv0M";"PT";0
"6jeSIRpjv0M";"SA";0
"6jeSIRpjv0M";"TH";0
"6jeSIRpjv0M";"TW";0
"6jeSIRpjv0M";"VN";0
"6jeSIRpjv0M";"ZA";0
"2SGXnYFdqu4";"TN";0
"4NgQLqHI6hU";"CA";0
"4NgQLqHI6hU";"CL";0
"4NgQLqHI6hU";"NL";0
"2kmFfbOeFJg";"AR";0
"2kmFfbOeFJg";"BR";0
"2kmFfbOeFJg";"CA";0
"2kmFfbOeFJg";"CL";0
"2kmFfbOeFJg";"DE";0
"2kmFfbOeFJg";"DK";0
"2kmFfbOeFJg";"HK";0
"2kmFfbOeFJg";"NL";0
"2kmFfbOeFJg";"NZ";0
"2kmFfbOeFJg";"PH";0
"2kmFfbOeFJg";"PK";0
"Ds8Twy4VvzU";"SG";0
"Ds8Twy4VvzU";"YE";0
"uwjOFYz-FxM";"AE";0
"uwjOFYz-FxM";"CL";0
"uwjOFYz-FxM";"DK";0
"uwjOFYz-FxM";"EC";0
"uwjOFYz-FxM";"IE";0
"uwjOFYz-FxM";"JO";0
"uwjOFYz-FxM";"MX";0
"uwjOFYz-FxM";"PE";0
"uwjOFYz-FxM";"SE";0
"uwjOFYz-FxM";"SG";0
"uwjOFYz-FxM";"TH";0
"uwjOFYz-FxM";"ZA";0
"4V-yeg4fva0";"CA";0
"4V-yeg4fva0";"IT";0
"4V-yeg4fva0";"PE";0
"JHuH7iGcPoY";"BR";0
"JHuH7iGcPoY";"CA";0
"JHuH7iGcPoY";"CL";0
"JHuH7iGcPoY";"DE";0
"JHuH7iGcPoY";"EG";0
"JHuH7iGcPoY";"SE";0
"JHuH7iGcPoY";"ZA";0
"1UkDaiRGShM";"PL";0
"lFd2hjkKz_Q";"AU";0
"lFd2hjkKz_Q";"JP";0
"rLmZYThOJg0";"IN";0
"rLmZYThOJg0";"SE";0
"LG-fdqSIFxE";"NO";0
"6ZM5uFFAd_w";"VN";0
"L2ELtem2iGY";"MY";0
"L2ELtem2iGY";"SA";0
"OIGGrrnMIgk";"AU";0
"OIGGrrnMIgk";"DE";0
"OIGGrrnMIgk";"IT";0
"OIGGrrnMIgk";"NL";0
"OIGGrrnMIgk";"PT";0
"2V9cLPXPemg";"CA";0
"2V9cLPXPemg";"DE";0
"qeWN5gq9EE8";"AE";0
"qeWN5gq9EE8";"BS";0
"qeWN5gq9EE8";"DE";0
"qeWN5gq9EE8";"DK";0
"qeWN5gq9EE8";"LY";0
"qeWN5gq9EE8";"MY";0
"qeWN5gq9EE8";"NZ";0
"qeWN5gq9EE8";"SK";0
"qeWN5gq9EE8";"TN";0
"qeWN5gq9EE8";"TR";0
"qeWN5gq9EE8";"ZA";0
"T7ckdeGOhnU";"AR";0
"T7ckdeGOhnU";"CA";0
"T7ckdeGOhnU";"CI";0
"T7ckdeGOhnU";"CL";0
"T7ckdeGOhnU";"DE";0
"T7ckdeGOhnU";"ES";0
"T7ckdeGOhnU";"FR";0
"T7ckdeGOhnU";"ID";0
"T7ckdeGOhnU";"IS";0
"T7ckdeGOhnU";"IT";0
"T7ckdeGOhnU";"KR";0
"T7ckdeGOhnU";"MX";0
"T7ckdeGOhnU";"NL";0
"T7ckdeGOhnU";"PH";0
"T7ckdeGOhnU";"PL";0
"T7ckdeGOhnU";"PT";0
"T7ckdeGOhnU";"RU";0
"T7ckdeGOhnU";"SE";0
"T7ckdeGOhnU";"UA";0
"T7ckdeGOhnU";"YE";0
"nvv4tPOY8lo";"PT";0
"NjdZjozKboA";"AR";0
"NjdZjozKboA";"AZ";0
"NjdZjozKboA";"BR";0
"NjdZjozKboA";"CL";0
"NjdZjozKboA";"ID";0
"NjdZjozKboA";"PE";0
"gc2X5L4Y5Xg";"DK";0
"gc2X5L4Y5Xg";"TH";0
"gc2X5L4Y5Xg";"US";0
"6IHNYDy_Ynw";"FR";0
"6IHNYDy_Ynw";"HK";0
"6IHNYDy_Ynw";"PH";0
"6IHNYDy_Ynw";"ZA";0
"aus8JuVxajM";"CA";0
"_p9E8fiDRDw";"BE";0
"_p9E8fiDRDw";"BR";0
"_p9E8fiDRDw";"CL";0
"_p9E8fiDRDw";"CO";0
"_p9E8fiDRDw";"CR";0
"_p9E8fiDRDw";"DK";0
"_p9E8fiDRDw";"FR";0
"_p9E8fiDRDw";"MX";0
"_p9E8fiDRDw";"PE";0
"_p9E8fiDRDw";"SG";0
"_p9E8fiDRDw";"VN";0
"_p9E8fiDRDw";"ZA";0
"sepAWgLOCBI";"DE";0
"sepAWgLOCBI";"FI";0
"sepAWgLOCBI";"ZA";0
"Uuo8AsMxqss";"IS";0
"Uuo8AsMxqss";"NO";0
"Uuo8AsMxqss";"ZA";0
"QFADxSyXwwY";"BR";0
"QFADxSyXwwY";"CA";0
"QFADxSyXwwY";"DZ";0
"QFADxSyXwwY";"FR";0
"QFADxSyXwwY";"ID";0
"QFADxSyXwwY";"KE";0
"QFADxSyXwwY";"NG";0
"QFADxSyXwwY";"SE";0
"QFADxSyXwwY";"SG";0
"QFADxSyXwwY";"TH";0
"fKygF7VEJnQ";"AT";0
"fKygF7VEJnQ";"CL";0
"fKygF7VEJnQ";"CO";0
"fKygF7VEJnQ";"CR";0
"fKygF7VEJnQ";"IL";0
"fKygF7VEJnQ";"SE";0
"fKygF7VEJnQ";"TH";0
"fKygF7VEJnQ";"VN";0
"fKygF7VEJnQ";"ZA";0
"L1govVEBxDo";"AU";0
"L1govVEBxDo";"CA";0
"L1govVEBxDo";"CL";0
"L1govVEBxDo";"DE";0
"L1govVEBxDo";"FR";0
"L1govVEBxDo";"HK";0
"L1govVEBxDo";"IE";0
"L1govVEBxDo";"IL";0
"L1govVEBxDo";"NG";0
"L1govVEBxDo";"NL";0
"L1govVEBxDo";"PH";0
"L1govVEBxDo";"PL";0
"L1govVEBxDo";"ZA";0
"GvKYUgka_4Y";"AE";0
"GvKYUgka_4Y";"AR";0
"GvKYUgka_4Y";"BE";0
"GvKYUgka_4Y";"BG";0
"GvKYUgka_4Y";"BH";0
"GvKYUgka_4Y";"BR";0
"GvKYUgka_4Y";"CH";0
"GvKYUgka_4Y";"CI";0
"GvKYUgka_4Y";"EG";0
"GvKYUgka_4Y";"ES";0
"GvKYUgka_4Y";"FI";0
"GvKYUgka_4Y";"FR";0
"GvKYUgka_4Y";"GE";0
"GvKYUgka_4Y";"GH";0
"GvKYUgka_4Y";"HK";0
"GvKYUgka_4Y";"ID";0
"GvKYUgka_4Y";"IE";0
"GvKYUgka_4Y";"IL";0
"GvKYUgka_4Y";"IT";0
"GvKYUgka_4Y";"JO";0
"GvKYUgka_4Y";"KE";0
"GvKYUgka_4Y";"KR";0
"GvKYUgka_4Y";"LK";0
"GvKYUgka_4Y";"LV";0
"GvKYUgka_4Y";"MY";0
"GvKYUgka_4Y";"NL";0
"GvKYUgka_4Y";"NO";0
"GvKYUgka_4Y";"NZ";0
"GvKYUgka_4Y";"PH";0
"GvKYUgka_4Y";"PL";0
"GvKYUgka_4Y";"SA";0
"GvKYUgka_4Y";"SE";0
"GvKYUgka_4Y";"SK";0
"GvKYUgka_4Y";"TH";0
"GvKYUgka_4Y";"VN";0
"GvKYUgka_4Y";"ZA";0
"_JMSw6i5pzY";"AE";0
"_JMSw6i5pzY";"AT";0
"_JMSw6i5pzY";"AU";0
"_JMSw6i5pzY";"BR";0
"_JMSw6i5pzY";"CH";0
"_JMSw6i5pzY";"CL";0
"_JMSw6i5pzY";"CR";0
"_JMSw6i5pzY";"DE";0
"_JMSw6i5pzY";"DK";0
"_JMSw6i5pzY";"FR";0
"_JMSw6i5pzY";"IL";0
"_JMSw6i5pzY";"MX";0
"_JMSw6i5pzY";"MY";0
"_JMSw6i5pzY";"NL";0
"_JMSw6i5pzY";"NZ";0
"_JMSw6i5pzY";"SA";0
"_JMSw6i5pzY";"SE";0
"_JMSw6i5pzY";"SG";0
"_JMSw6i5pzY";"SI";0
"_JMSw6i5pzY";"ZA";0
"eXz0cLDRMyg";"CL";0
"eXz0cLDRMyg";"HR";0
"eXz0cLDRMyg";"PL";0
"eXz0cLDRMyg";"QA";0
"eXz0cLDRMyg";"RS";0
"eXz0cLDRMyg";"SG";0
"eXz0cLDRMyg";"ZA";0
"eXz0cLDRMyg";"ZW";0
"UFD5S4Peqc4";"BD";0
"UFD5S4Peqc4";"BE";0
"UFD5S4Peqc4";"BH";0
"UFD5S4Peqc4";"CL";0
"UFD5S4Peqc4";"CO";0
"UFD5S4Peqc4";"DO";0
"UFD5S4Peqc4";"EE";0
"UFD5S4Peqc4";"GT";0
"UFD5S4Peqc4";"IQ";0
"UFD5S4Peqc4";"JM";0
"UFD5S4Peqc4";"JP";0
"UFD5S4Peqc4";"KW";0
"UFD5S4Peqc4";"MO";0
"UFD5S4Peqc4";"MY";0
"UFD5S4Peqc4";"PE";0
"UFD5S4Peqc4";"SG";0
"151Quamk9Uo";"CA";0
"151Quamk9Uo";"PL";0
"VKkN-FF66Zw";"AE";0
"VKkN-FF66Zw";"AO";0
"VKkN-FF66Zw";"BE";0
"VKkN-FF66Zw";"CO";0
"VKkN-FF66Zw";"EC";0
"VKkN-FF66Zw";"FR";0
"VKkN-FF66Zw";"GR";0
"VKkN-FF66Zw";"MX";0
"VKkN-FF66Zw";"MY";0
"VKkN-FF66Zw";"NG";0
"VKkN-FF66Zw";"NO";0
"VKkN-FF66Zw";"NZ";0
"VKkN-FF66Zw";"PH";0
"VKkN-FF66Zw";"PL";0
"VKkN-FF66Zw";"PT";0
"VKkN-FF66Zw";"SA";0
"VKkN-FF66Zw";"SG";0
"VKkN-FF66Zw";"TW";0
"fcv3CHBItJo";"BG";0
"fcv3CHBItJo";"DO";0
"fcv3CHBItJo";"NO";0
"fcv3CHBItJo";"PK";0
"fcv3CHBItJo";"SA";0
"fcv3CHBItJo";"VN";0
"fcv3CHBItJo";"ZA";0
"P2hu_VsRVfM";"AE";0
"P2hu_VsRVfM";"BE";0
"P2hu_VsRVfM";"CA";0
"P2hu_VsRVfM";"CH";0
"P2hu_VsRVfM";"CL";0
"P2hu_VsRVfM";"CO";0
"P2hu_VsRVfM";"DE";0
"P2hu_VsRVfM";"ES";0
"P2hu_VsRVfM";"FR";0
"P2hu_VsRVfM";"IT";0
"P2hu_VsRVfM";"MX";0
"P2hu_VsRVfM";"NG";0
"P2hu_VsRVfM";"NL";0
"P2hu_VsRVfM";"NZ";0
"P2hu_VsRVfM";"PE";0
"P2hu_VsRVfM";"PK";0
"P2hu_VsRVfM";"PL";0
"P2hu_VsRVfM";"RS";0
"P2hu_VsRVfM";"SG";0
"P2hu_VsRVfM";"TH";0
"P2hu_VsRVfM";"TW";0
"P2hu_VsRVfM";"ZA";0
"lOdLJx1zL7Y";"AE";0
"lOdLJx1zL7Y";"AR";0
"lOdLJx1zL7Y";"AZ";0
"lOdLJx1zL7Y";"BE";0
"lOdLJx1zL7Y";"CH";0
"lOdLJx1zL7Y";"CM";0
"lOdLJx1zL7Y";"CO";0
"lOdLJx1zL7Y";"CZ";0
"lOdLJx1zL7Y";"DK";0
"lOdLJx1zL7Y";"FI";0
"lOdLJx1zL7Y";"FR";0
"lOdLJx1zL7Y";"GH";0
"lOdLJx1zL7Y";"GR";0
"lOdLJx1zL7Y";"ID";0
"lOdLJx1zL7Y";"IE";0
"lOdLJx1zL7Y";"IT";0
"lOdLJx1zL7Y";"JE";0
"lOdLJx1zL7Y";"JO";0
"lOdLJx1zL7Y";"JP";0
"lOdLJx1zL7Y";"KE";0
"lOdLJx1zL7Y";"KR";0
"lOdLJx1zL7Y";"MX";0
"lOdLJx1zL7Y";"MY";0
"lOdLJx1zL7Y";"NG";0
"lOdLJx1zL7Y";"NO";0
"lOdLJx1zL7Y";"NZ";0
"lOdLJx1zL7Y";"PE";0
"lOdLJx1zL7Y";"PH";0
"lOdLJx1zL7Y";"PK";0
"lOdLJx1zL7Y";"PL";0
"lOdLJx1zL7Y";"PT";0
"lOdLJx1zL7Y";"SA";0
"lOdLJx1zL7Y";"SE";0
"lOdLJx1zL7Y";"TH";0
"lOdLJx1zL7Y";"TN";0
"lOdLJx1zL7Y";"TR";0
"lOdLJx1zL7Y";"TW";0
"lOdLJx1zL7Y";"ZA";0
"u7SyqTpLIJc";"AR";0
"u7SyqTpLIJc";"BE";0
"u7SyqTpLIJc";"CH";0
"u7SyqTpLIJc";"CO";0
"u7SyqTpLIJc";"CR";0
"u7SyqTpLIJc";"FI";0
"u7SyqTpLIJc";"HK";0
"u7SyqTpLIJc";"ID";0
"u7SyqTpLIJc";"IT";0
"u7SyqTpLIJc";"KY";0
"u7SyqTpLIJc";"MA";0
"u7SyqTpLIJc";"MX";0
"u7SyqTpLIJc";"PE";0
"u7SyqTpLIJc";"PH";0
"u7SyqTpLIJc";"PT";0
"u7SyqTpLIJc";"SA";0
"u7SyqTpLIJc";"SE";0
"u7SyqTpLIJc";"SK";0
"u7SyqTpLIJc";"TH";0
"u7SyqTpLIJc";"TR";0
"wUzZChTlzdE";"AR";0
"wUzZChTlzdE";"CL";0
"wUzZChTlzdE";"CO";0
"wUzZChTlzdE";"HK";0
"wUzZChTlzdE";"IT";0
"wUzZChTlzdE";"KZ";0
"wUzZChTlzdE";"LT";0
"wUzZChTlzdE";"MX";0
"wUzZChTlzdE";"PT";0
"wUzZChTlzdE";"SE";0
"wUzZChTlzdE";"ZA";0
"ezGQ1YxfAOU";"MY";0
"ezGQ1YxfAOU";"PH";0
"dcjQLZgoNA0";"BB";0
"dcjQLZgoNA0";"DK";0
"dcjQLZgoNA0";"FR";0
"dcjQLZgoNA0";"MX";0
"dcjQLZgoNA0";"NL";0
"dcjQLZgoNA0";"TH";0
"dcjQLZgoNA0";"ZA";0
"uFhsqX_A6XA";"NL";0
"i1kCHZEhnEY";"DK";0
"i1kCHZEhnEY";"DZ";0
"i1kCHZEhnEY";"HK";0
"i1kCHZEhnEY";"HU";0
"i1kCHZEhnEY";"IT";0
"i1kCHZEhnEY";"ML";0
"i1kCHZEhnEY";"OM";0
"i1kCHZEhnEY";"PT";0
"i1kCHZEhnEY";"RO";0
"i1kCHZEhnEY";"TR";0
"i1kCHZEhnEY";"TT";0
"i1kCHZEhnEY";"TW";0
"i1kCHZEhnEY";"UG";0
"i1kCHZEhnEY";"VN";0
"AZAL-QPn5Zc";"AE";0
"AZAL-QPn5Zc";"AT";0
"AZAL-QPn5Zc";"BE";0
"AZAL-QPn5Zc";"CL";0
"AZAL-QPn5Zc";"CO";0
"AZAL-QPn5Zc";"FI";0
"AZAL-QPn5Zc";"ID";0
"AZAL-QPn5Zc";"KH";0
"AZAL-QPn5Zc";"MY";0
"AZAL-QPn5Zc";"PE";0
"AZAL-QPn5Zc";"SG";0
"AZAL-QPn5Zc";"UA";0
"6_1XDU3I-50";"IN";0
"S2k2dxf_QWc";"DZ";0
"S2k2dxf_QWc";"TH";0
"O0VsTLDTjss";"GR";0
"T1q3BF5_YJ8";"NZ";0
"H3-evk6-qpQ";"IE";0
"AZAL-QPn5Zc";"PH";0
"_p9E8fiDRDw";"IL";0
"8e8a3o1w51M";"BE";0
"4xapOrfLvbg";"PE";0
"uq5PQg_hZro";"MY";0
"fKygF7VEJnQ";"PH";0
"i1kCHZEhnEY";"CH";0
"lOdLJx1zL7Y";"DO";0
"Wt7ee9-jJwk";"AE";10
"Wt7ee9-jJwk";"CZ";10
"Wt7ee9-jJwk";"MX";10
"Wt7ee9-jJwk";"PT";10
"no0j59bcrW8";"RU";10
"4xapOrfLvbg";"ES";10
"4xapOrfLvbg";"FR";10
"_GOIflxSlYI";"IL";10
"_GOIflxSlYI";"SG";10
"_GOIflxSlYI";"TR";10
"gNCTjoCu6k4";"BR";10
"gNCTjoCu6k4";"CA";10
"wG3J8lO9d5I";"NL";10
"HJr4mLYsnB8";"RU";10
"fLqvaWJtwhQ";"CR";10
"fLqvaWJtwhQ";"FR";10
"fLqvaWJtwhQ";"TH";10
"ZilC968Fc9c";"GB";10
"-tTYPCTciyU";"AR";10
"-tTYPCTciyU";"FR";10
"hilfglpKNRQ";"PT";10
"cTqFNg_y9lw";"ES";10
"iyGBZsLxe54";"BE";10
"iyGBZsLxe54";"PK";10
"iyGBZsLxe54";"PL";10
"iyGBZsLxe54";"ZA";10
"EJwbwMB-fDQ";"DE";10
"icf7Hfj22vg";"UA";10
"KJod3LG84bk";"PL";10
"Ax-jgwnolNI";"IN";10
"_8vw30ltFJ0";"AE";10
"7vCD8Zu686Q";"IL";10
"7vCD8Zu686Q";"MX";10
"7vCD8Zu686Q";"TW";10
"XKmTknbusnY";"BR";10
"KngjlmJCpUs";"BR";10
"gkMjAYFeSiM";"AE";10
"kJ37glO4wBY";"IN";10
"RVcJ3O_O2Jg";"DK";10
"RVcJ3O_O2Jg";"PL";10
"RVcJ3O_O2Jg";"SE";10
"eNP36ozsnss";"ES";10
"SI0Oxt2Mu-Y";"SG";10
"X47XlpkMfe8";"ZA";10
"bU35LnSfo70";"NL";10
"O0VsTLDTjss";"ES";10
"Pk3uKEuLrUY";"PL";10
"ppQ0DdtBaCw";"NL";10
"t4kd-QY6Rh0";"BR";10
"t4kd-QY6Rh0";"ES";10
"t4kd-QY6Rh0";"MY";10
"t4kd-QY6Rh0";"PL";10
"fktQmk0a9OI";"FR";10
"fktQmk0a9OI";"SG";10
"4pdzhKNwQlY";"AU";10
"9XsMt1TxNeM";"GB";10
"T1q3BF5_YJ8";"AE";10
"T1q3BF5_YJ8";"SE";10
"VRQq7XVWdR8";"AU";10
"Ka7Ds4EAjNQ";"DE";10
"Ka7Ds4EAjNQ";"NL";10
"6M7AhO8vbNw";"PL";10
"6M7AhO8vbNw";"ZA";10
"syzA3PZx3qk";"DE";10
"syzA3PZx3qk";"ES";10
"syzA3PZx3qk";"JP";10
"syzA3PZx3qk";"NL";10
"UqTAJxp--c4";"CA";10
"RnMrGaiVWtQ";"CA";10
"PAX5GP9SkTA";"RU";10
"HRJRJ3D9cq8";"AU";10
"1VNfhqILnh8";"ES";10
"1VNfhqILnh8";"NL";10
"fTUw94veqfE";"BE";10
"fTUw94veqfE";"CZ";10
"fTUw94veqfE";"DK";10
"fTUw94veqfE";"FR";10
"fTUw94veqfE";"SA";10
"Z40Txux1Lxk";"AE";10
"Z40Txux1Lxk";"AF";10
"Z40Txux1Lxk";"EC";10
"Z40Txux1Lxk";"MA";10
"Z40Txux1Lxk";"MM";10
"Z40Txux1Lxk";"RO";10
"Z40Txux1Lxk";"ZA";10
"3QiTBXfxzHA";"CA";10
"EmALxO7V7y0";"NZ";10
"EmALxO7V7y0";"PL";10
"FO6e3rjSslQ";"NL";10
"s9ck7xx85mA";"ES";10
"s9ck7xx85mA";"PL";10
"DMtlv-BlKP4";"BR";10
"DMtlv-BlKP4";"IT";10
"DMtlv-BlKP4";"SE";10
"DRVDYOrVdlQ";"GB";10
"duMSovyosXE";"NO";10
"duMSovyosXE";"RO";10
"CoTLQiMZFbI";"BR";10
"5XxUVbLVdQE";"BR";10
"H3-evk6-qpQ";"CA";10
"vbg4Je1tuis";"PH";10
"vbg4Je1tuis";"UA";10
"8e8a3o1w51M";"FR";10
"8e8a3o1w51M";"MX";10
"pCgK-Ze3nhA";"MY";10
"dzJvTcCedm8";"NL";10
"WSnB5y2JXv8";"CA";10
"BxKIJL5baAU";"AE";10
"BxKIJL5baAU";"AU";10
"BxKIJL5baAU";"NL";10
"Z4E2jSZ4r6A";"NL";10
"Z4E2jSZ4r6A";"PT";10
"RcQ8gE-1hSU";"IN";10
"RcQ8gE-1hSU";"KW";10
"RcQ8gE-1hSU";"US";10
"oKi7rd16TjU";"BR";10
"2RZkc_qrV1g";"BR";10
"2RZkc_qrV1g";"GB";10
"2RZkc_qrV1g";"SE";10
"6jeSIRpjv0M";"CH";10
"6jeSIRpjv0M";"PH";10
"6jeSIRpjv0M";"SG";10
"2SGXnYFdqu4";"MX";10
"2SGXnYFdqu4";"SE";10
"4NgQLqHI6hU";"AU";10
"BY0WV05IeNk";"AU";10
"BY0WV05IeNk";"CA";10
"BY0WV05IeNk";"FR";10
"2kmFfbOeFJg";"AU";10
"Ds8Twy4VvzU";"AE";10
"Ds8Twy4VvzU";"FR";10
"rXDomxfoY1o";"SG";10
"uwjOFYz-FxM";"AR";10
"JHuH7iGcPoY";"NL";10
"lFd2hjkKz_Q";"DE";10
"lFd2hjkKz_Q";"TW";10
"LG-fdqSIFxE";"IE";10
"LG-fdqSIFxE";"ZA";10
"L2ELtem2iGY";"PT";10
"OIGGrrnMIgk";"CO";10
"OIGGrrnMIgk";"PL";10
"2V9cLPXPemg";"RU";10
"qeWN5gq9EE8";"PL";10
"T7ckdeGOhnU";"AU";10
"HEMARcoxhkI";"IN";10
"NjdZjozKboA";"DE";10
"6IHNYDy_Ynw";"NL";10
"U0YyIsqDWV4";"PT";10
"_p9E8fiDRDw";"CA";10
"sepAWgLOCBI";"AU";10
"sepAWgLOCBI";"CA";10
"fKygF7VEJnQ";"FR";10
"OyvjGRnxCkw";"FR";10
"OyvjGRnxCkw";"SG";10
"OyvjGRnxCkw";"ZA";10
"Wz0N0c3EzVg";"CA";10
"AY_n9OWPgsk";"CA";10
"0v8DZuyM2GU";"BR";10
"UFD5S4Peqc4";"CZ";10
"UFD5S4Peqc4";"SA";10
"151Quamk9Uo";"HK";10
"VKkN-FF66Zw";"BR";10
"fcv3CHBItJo";"CL";10
"fcv3CHBItJo";"DK";10
"fcv3CHBItJo";"FR";10
"fcv3CHBItJo";"IT";10
"fcv3CHBItJo";"TH";10
"lOdLJx1zL7Y";"NL";10
"u7SyqTpLIJc";"AE";10
"u7SyqTpLIJc";"PK";10
"wUzZChTlzdE";"ES";10
"ezGQ1YxfAOU";"PT";10
"ksSg7hhMDbU";"ES";10
"i1kCHZEhnEY";"AR";10
"i1kCHZEhnEY";"IL";10
"i1kCHZEhnEY";"MZ";10
"i1kCHZEhnEY";"PE";10
"AZAL-QPn5Zc";"HU";10
"yP791KGnrek";"NO";10
"h6zprXwtmfg";"CA";10
"h6zprXwtmfg";"SE";10
"kXgm7984oTs";"MX";10
"0Stq-erLMlo";"AU";10
"0Stq-erLMlo";"RU";10
"0Stq-erLMlo";"NL";10
"no0j59bcrW8";"FR";11
"4xapOrfLvbg";"DK";11
"XGbhdoiR-A8";"AU";11
"_GOIflxSlYI";"BE";11
"_GOIflxSlYI";"PT";11
"_GOIflxSlYI";"RU";11
"wG3J8lO9d5I";"CA";11
"fLqvaWJtwhQ";"GE";11
"fLqvaWJtwhQ";"PT";11
"ZilC968Fc9c";"UA";11
"-tTYPCTciyU";"NL";11
"hilfglpKNRQ";"SE";11
"cTqFNg_y9lw";"BY";11
"cTqFNg_y9lw";"PL";11
"IURWlw2_6Ks";"ES";11
"iyGBZsLxe54";"BG";11
"iyGBZsLxe54";"IT";11
"iyGBZsLxe54";"PE";11
"iyGBZsLxe54";"SE";11
"iyGBZsLxe54";"SG";11
"iyGBZsLxe54";"VN";11
"AJxCCfFmLTQ";"ES";11
"AJxCCfFmLTQ";"RU";11
"ZlKMxbC4ehg";"CA";11
"ZlKMxbC4ehg";"RU";11
"DtOfcsS_pQw";"RU";11
"7vCD8Zu686Q";"PK";11
"7vCD8Zu686Q";"PT";11
"7vCD8Zu686Q";"ZA";11
"vWnMk3E1lIc";"GB";11
"XKmTknbusnY";"RU";11
"gkMjAYFeSiM";"BR";11
"RVcJ3O_O2Jg";"BE";11
"eNP36ozsnss";"AU";11
"eNP36ozsnss";"DE";11
"dbZJLFI-t-Y";"SG";11
"X47XlpkMfe8";"KE";11
"MXKDEyc-vtU";"BR";11
"MXKDEyc-vtU";"NL";11
"O0VsTLDTjss";"FR";11
"A4iG8S4EpHs";"AU";11
"A4iG8S4EpHs";"ES";11
"A4iG8S4EpHs";"NL";11
"A4iG8S4EpHs";"RU";11
"iyc74jnjKV8";"AU";11
"ppQ0DdtBaCw";"ES";11
"t4kd-QY6Rh0";"FR";11
"fktQmk0a9OI";"IL";11
"4pdzhKNwQlY";"IL";11
"pEAwvMkpA8I";"AE";11
"T1q3BF5_YJ8";"ZA";11
"VRQq7XVWdR8";"BR";11
"KjUAEci6G20";"MX";11
"x-1NiopFC9g";"CA";11
"UqTAJxp--c4";"DE";11
"Ys11kq35rHU";"PL";11
"HRJRJ3D9cq8";"NL";11
"fTUw94veqfE";"AE";11
"fTUw94veqfE";"IE";11
"fTUw94veqfE";"IL";11
"fTUw94veqfE";"UA";11
"cr9UBeZ3AvQ";"DE";11
"z7FBukPBKzg";"MY";11
"uuwxWnAILr0";"AU";11
"uuwxWnAILr0";"ZA";11
"EmALxO7V7y0";"HK";11
"EmALxO7V7y0";"KR";11
"YeI_n8myE68";"PL";11
"Anv3X3EuHZ8";"TW";11
"TRdVDwWqbfY";"US";11
"s9ck7xx85mA";"FR";11
"H3-evk6-qpQ";"ES";11
"vbg4Je1tuis";"FR";11
"vbg4Je1tuis";"RU";11
"8e8a3o1w51M";"AE";11
"BxKIJL5baAU";"DK";11
"BxKIJL5baAU";"FR";11
"BxKIJL5baAU";"PT";11
"RcQ8gE-1hSU";"BY";11
"2RZkc_qrV1g";"AU";11
"2RZkc_qrV1g";"PT";11
"6jeSIRpjv0M";"RU";11
"2SGXnYFdqu4";"ID";11
"2SGXnYFdqu4";"KR";11
"2SGXnYFdqu4";"PL";11
"BY0WV05IeNk";"ES";11
"8D6IbflW5OI";"MX";11
"8D6IbflW5OI";"MY";11
"1UkDaiRGShM";"NL";11
"rLmZYThOJg0";"BR";11
"LG-fdqSIFxE";"DE";11
"L2ELtem2iGY";"FR";11
"OIGGrrnMIgk";"IL";11
"qeWN5gq9EE8";"SG";11
"nvv4tPOY8lo";"PL";11
"NjdZjozKboA";"MA";11
"U0YyIsqDWV4";"AU";11
"fKygF7VEJnQ";"RU";11
"L1govVEBxDo";"BR";11
"OyvjGRnxCkw";"BE";11
"OyvjGRnxCkw";"PT";11
"OyvjGRnxCkw";"RU";11
"m4a2c55eXMU";"CA";11
"GvKYUgka_4Y";"AU";11
"GvKYUgka_4Y";"DE";11
"eXz0cLDRMyg";"BR";11
"UFD5S4Peqc4";"AR";11
"UFD5S4Peqc4";"MX";11
"P2hu_VsRVfM";"AU";11
"u7SyqTpLIJc";"ES";11
"wUzZChTlzdE";"DE";11
"ezGQ1YxfAOU";"AE";11
"i1kCHZEhnEY";"BE";11
"AZAL-QPn5Zc";"AR";11
"AZAL-QPn5Zc";"PT";11
"yP791KGnrek";"CA";11
"h6zprXwtmfg";"AU";11
"S2k2dxf_QWc";"NL";11
"TRdVDwWqbfY";"FR";11
"t4kd-QY6Rh0";"HK";11
"Wt7ee9-jJwk";"NZ";12
"4xapOrfLvbg";"TH";12
"XGbhdoiR-A8";"AE";12
"wG3J8lO9d5I";"BR";12
"HJr4mLYsnB8";"DE";12
"-tTYPCTciyU";"MX";12
"hilfglpKNRQ";"PL";12
"IURWlw2_6Ks";"AU";12
"IURWlw2_6Ks";"CA";12
"IURWlw2_6Ks";"DE";12
"iyGBZsLxe54";"MX";12
"iyGBZsLxe54";"NO";12
"icf7Hfj22vg";"AU";12
"icf7Hfj22vg";"IN";12
"DtOfcsS_pQw";"DE";12
"KJod3LG84bk";"IL";12
"XKmTknbusnY";"AU";12
"RVcJ3O_O2Jg";"OM";12
"eNP36ozsnss";"PL";12
"S1kTTQARvVs";"GB";12
"S1kTTQARvVs";"NL";12
"X47XlpkMfe8";"BR";12
"O0VsTLDTjss";"AU";12
"Pk3uKEuLrUY";"ES";12
"iyc74jnjKV8";"BR";12
"ppQ0DdtBaCw";"RU";12
"A9yVhbgxgl8";"NL";12
"6M7AhO8vbNw";"CA";12
"6M7AhO8vbNw";"DE";12
"syzA3PZx3qk";"CL";12
"PAX5GP9SkTA";"TR";12
"fTUw94veqfE";"FI";12
"cr9UBeZ3AvQ";"NL";12
"EmALxO7V7y0";"ZA";12
"YeI_n8myE68";"BR";12
"Anv3X3EuHZ8";"GB";12
"duMSovyosXE";"NL";12
"duMSovyosXE";"TR";12
"5XxUVbLVdQE";"DE";12
"vbg4Je1tuis";"AE";12
"8e8a3o1w51M";"PL";12
"8e8a3o1w51M";"RU";12
"dzJvTcCedm8";"FR";12
"BxKIJL5baAU";"CA";12
"RcQ8gE-1hSU";"LB";12
"oKi7rd16TjU";"AU";12
"oKi7rd16TjU";"NL";12
"2SGXnYFdqu4";"ES";12
"BY0WV05IeNk";"BE";12
"Ds8Twy4VvzU";"IL";12
"rXDomxfoY1o";"AU";12
"lFd2hjkKz_Q";"CA";12
"lFd2hjkKz_Q";"FI";12
"lFd2hjkKz_Q";"PT";12
"T7ckdeGOhnU";"BR";12
"_p9E8fiDRDw";"PL";12
"sepAWgLOCBI";"ID";12
"QFADxSyXwwY";"AE";12
"fKygF7VEJnQ";"PL";12
"OyvjGRnxCkw";"SE";12
"Wz0N0c3EzVg";"CH";12
"m4a2c55eXMU";"PL";12
"AY_n9OWPgsk";"PL";12
"UFD5S4Peqc4";"FI";12
"UFD5S4Peqc4";"NZ";12
"UFD5S4Peqc4";"PK";12
"UFD5S4Peqc4";"TH";12
"VKkN-FF66Zw";"RU";12
"fcv3CHBItJo";"NZ";12
"lOdLJx1zL7Y";"CL";12
"lOdLJx1zL7Y";"SG";12
"u7SyqTpLIJc";"FR";12
"wUzZChTlzdE";"PK";12
"wUzZChTlzdE";"PL";12
"i1kCHZEhnEY";"NO";12
"i1kCHZEhnEY";"TH";12
"i1kCHZEhnEY";"UA";12
"h6zprXwtmfg";"DE";12
"h6zprXwtmfg";"PL";12
"S2k2dxf_QWc";"AU";12
"S2k2dxf_QWc";"BR";12
"kXgm7984oTs";"IT";12
"kXgm7984oTs";"RU";12
"Wt7ee9-jJwk";"AR";14
"Wt7ee9-jJwk";"AU";348
"Wt7ee9-jJwk";"BR";123
"Wt7ee9-jJwk";"CA";436
"Wt7ee9-jJwk";"CO";31
"Wt7ee9-jJwk";"DE";99
"Wt7ee9-jJwk";"DK";70
"Wt7ee9-jJwk";"ES";87
"Wt7ee9-jJwk";"FR";46
"Wt7ee9-jJwk";"ID";20
"Wt7ee9-jJwk";"IT";35
"Wt7ee9-jJwk";"NL";102
"Wt7ee9-jJwk";"PL";57
"Wt7ee9-jJwk";"RU";27
"Wt7ee9-jJwk";"SA";23
"no0j59bcrW8";"AU";70
"no0j59bcrW8";"BR";28
"no0j59bcrW8";"CA";119
"no0j59bcrW8";"DE";23
"no0j59bcrW8";"ES";15
"no0j59bcrW8";"NL";16
"4xapOrfLvbg";"AU";1767
"4xapOrfLvbg";"BR";33
"4xapOrfLvbg";"CA";1814
"4xapOrfLvbg";"DE";691
"4xapOrfLvbg";"MY";21
"4xapOrfLvbg";"NL";412
"4xapOrfLvbg";"PH";13
"4xapOrfLvbg";"PL";20
"4xapOrfLvbg";"SG";127
"4xapOrfLvbg";"UA";15
"XGbhdoiR-A8";"BR";14
"XGbhdoiR-A8";"CA";18
"XGbhdoiR-A8";"NL";14
"_GOIflxSlYI";"AE";21
"_GOIflxSlYI";"AU";87
"_GOIflxSlYI";"BR";83
"_GOIflxSlYI";"CA";103
"_GOIflxSlYI";"CH";19
"_GOIflxSlYI";"DE";72
"_GOIflxSlYI";"DK";39
"_GOIflxSlYI";"ES";60
"_GOIflxSlYI";"FR";22
"_GOIflxSlYI";"NL";102
"_GOIflxSlYI";"NO";13
"_GOIflxSlYI";"PE";13
"_GOIflxSlYI";"PL";59
"_GOIflxSlYI";"SE";18
"gNCTjoCu6k4";"AU";33
"gNCTjoCu6k4";"DE";16
"gNCTjoCu6k4";"NL";15
"wG3J8lO9d5I";"AU";31
"wG3J8lO9d5I";"IL";15
"fLqvaWJtwhQ";"AU";13
"fLqvaWJtwhQ";"BR";22
"fLqvaWJtwhQ";"CA";22
"fLqvaWJtwhQ";"DE";72
"fLqvaWJtwhQ";"HK";34
"fLqvaWJtwhQ";"NL";84
"ZilC968Fc9c";"RU";14
"-tTYPCTciyU";"AU";41
"-tTYPCTciyU";"BR";32
"-tTYPCTciyU";"CA";14
"-tTYPCTciyU";"DE";13
"-tTYPCTciyU";"PL";13
"hilfglpKNRQ";"AU";79
"hilfglpKNRQ";"BR";29
"hilfglpKNRQ";"CA";40
"hilfglpKNRQ";"DE";47
"hilfglpKNRQ";"FR";40
"hilfglpKNRQ";"NL";33
"hilfglpKNRQ";"RU";17
"cTqFNg_y9lw";"AU";41
"cTqFNg_y9lw";"BR";26
"cTqFNg_y9lw";"DE";16
"cTqFNg_y9lw";"FR";19
"cTqFNg_y9lw";"NL";52
"cTqFNg_y9lw";"RU";123
"cTqFNg_y9lw";"UA";79
"IURWlw2_6Ks";"BR";26
"IURWlw2_6Ks";"NL";14
"iyGBZsLxe54";"AU";120
"iyGBZsLxe54";"BR";69
"iyGBZsLxe54";"CA";55
"iyGBZsLxe54";"CZ";21
"iyGBZsLxe54";"DE";47
"iyGBZsLxe54";"ES";52
"iyGBZsLxe54";"FR";22
"iyGBZsLxe54";"IL";32
"iyGBZsLxe54";"NL";95
"iyGBZsLxe54";"PT";27
"AJxCCfFmLTQ";"AU";97
"AJxCCfFmLTQ";"BR";15
"AJxCCfFmLTQ";"CA";130
"AJxCCfFmLTQ";"DE";16
"AJxCCfFmLTQ";"NL";31
"AJxCCfFmLTQ";"PL";16
"EJwbwMB-fDQ";"AU";24
"EJwbwMB-fDQ";"BR";17
"EJwbwMB-fDQ";"CA";16
"EJwbwMB-fDQ";"ES";15
"EJwbwMB-fDQ";"NL";18
"EJwbwMB-fDQ";"PL";15
"EJwbwMB-fDQ";"ZA";13
"ZlKMxbC4ehg";"AU";24
"ZlKMxbC4ehg";"BR";15
"ZlKMxbC4ehg";"DE";26
"icf7Hfj22vg";"PL";35
"icf7Hfj22vg";"RU";13
"DtOfcsS_pQw";"AU";26
"DtOfcsS_pQw";"BR";14
"DtOfcsS_pQw";"CA";22
"DtOfcsS_pQw";"NL";15
"KJod3LG84bk";"AU";46
"KJod3LG84bk";"BR";20
"KJod3LG84bk";"CA";65
"KJod3LG84bk";"DE";13
"KJod3LG84bk";"NL";15
"7vCD8Zu686Q";"AE";23
"7vCD8Zu686Q";"AU";172
"7vCD8Zu686Q";"BR";70
"7vCD8Zu686Q";"CA";170
"7vCD8Zu686Q";"DE";50
"7vCD8Zu686Q";"ES";25
"7vCD8Zu686Q";"FR";24
"7vCD8Zu686Q";"NL";36
"7vCD8Zu686Q";"PL";29
"7vCD8Zu686Q";"SA";17
"7vCD8Zu686Q";"SG";35
"vWnMk3E1lIc";"PT";21
"gkMjAYFeSiM";"CA";67
"gkMjAYFeSiM";"NL";38
"RVcJ3O_O2Jg";"AU";528
"RVcJ3O_O2Jg";"CA";571
"RVcJ3O_O2Jg";"DE";287
"RVcJ3O_O2Jg";"FR";21
"RVcJ3O_O2Jg";"NL";569
"eNP36ozsnss";"BR";31
"eNP36ozsnss";"CA";25
"eNP36ozsnss";"PH";65
"SI0Oxt2Mu-Y";"AU";33
"SI0Oxt2Mu-Y";"BR";31
"SI0Oxt2Mu-Y";"CA";66
"SI0Oxt2Mu-Y";"DE";21
"SI0Oxt2Mu-Y";"ES";24
"SI0Oxt2Mu-Y";"NL";55
"SI0Oxt2Mu-Y";"PL";17
"X47XlpkMfe8";"AU";45
"X47XlpkMfe8";"CA";46
"X47XlpkMfe8";"PL";13
"bU35LnSfo70";"OM";23
"MXKDEyc-vtU";"CA";16
"O0VsTLDTjss";"BR";44
"O0VsTLDTjss";"CA";35
"O0VsTLDTjss";"DE";18
"O0VsTLDTjss";"NL";39
"O0VsTLDTjss";"PL";17
"Pk3uKEuLrUY";"AU";17
"Pk3uKEuLrUY";"BR";25
"Pk3uKEuLrUY";"CA";13
"Pk3uKEuLrUY";"DE";20
"Pk3uKEuLrUY";"FR";16
"A4iG8S4EpHs";"BR";27
"A4iG8S4EpHs";"CA";21
"A4iG8S4EpHs";"FR";13
"iyc74jnjKV8";"NL";13
"uq5PQg_hZro";"AU";24
"uq5PQg_hZro";"BR";13
"uq5PQg_hZro";"CA";28
"uq5PQg_hZro";"DE";13
"uq5PQg_hZro";"NL";13
"ppQ0DdtBaCw";"BR";19
"ppQ0DdtBaCw";"CA";13
"ppQ0DdtBaCw";"DE";17
"ppQ0DdtBaCw";"PL";13
"t4kd-QY6Rh0";"AU";16
"t4kd-QY6Rh0";"CA";23
"t4kd-QY6Rh0";"DE";15
"t4kd-QY6Rh0";"NL";13
"fktQmk0a9OI";"AU";13
"fktQmk0a9OI";"BR";15
"fktQmk0a9OI";"CA";25
"fktQmk0a9OI";"DE";13
"fktQmk0a9OI";"ES";13
"fktQmk0a9OI";"NL";14
"fktQmk0a9OI";"PL";16
"qZtfSNReft4";"VN";13
"4pdzhKNwQlY";"CA";34
"4pdzhKNwQlY";"DE";21
"4pdzhKNwQlY";"NL";31
"pEAwvMkpA8I";"AU";28
"pEAwvMkpA8I";"BR";332
"pEAwvMkpA8I";"CA";45
"pEAwvMkpA8I";"DE";16
"pEAwvMkpA8I";"ES";15
"pEAwvMkpA8I";"FR";14
"T1q3BF5_YJ8";"AU";138
"T1q3BF5_YJ8";"BR";98
"T1q3BF5_YJ8";"CA";105
"T1q3BF5_YJ8";"DE";56
"T1q3BF5_YJ8";"ES";30
"T1q3BF5_YJ8";"FR";20
"T1q3BF5_YJ8";"IL";13
"T1q3BF5_YJ8";"NL";48
"T1q3BF5_YJ8";"PL";17
"T1q3BF5_YJ8";"PT";14
"Ka7Ds4EAjNQ";"AU";37
"x-1NiopFC9g";"AU";34
"x-1NiopFC9g";"NL";13
"6M7AhO8vbNw";"AU";21
"6M7AhO8vbNw";"BR";17
"6M7AhO8vbNw";"NL";14
"syzA3PZx3qk";"BR";23
"syzA3PZx3qk";"CA";32
"UqTAJxp--c4";"NL";15
"IZJijGvbZks";"CA";22
"PAX5GP9SkTA";"AU";67
"PAX5GP9SkTA";"BR";77
"PAX5GP9SkTA";"CA";111
"PAX5GP9SkTA";"DE";63
"PAX5GP9SkTA";"FR";23
"PAX5GP9SkTA";"NL";49
"PAX5GP9SkTA";"PL";30
"1VNfhqILnh8";"AU";13
"1VNfhqILnh8";"BR";21
"1VNfhqILnh8";"CA";14
"1VNfhqILnh8";"DE";15
"1VNfhqILnh8";"PL";14
"fTUw94veqfE";"AU";45
"fTUw94veqfE";"BR";68
"fTUw94veqfE";"CA";61
"fTUw94veqfE";"DE";45
"fTUw94veqfE";"ES";14
"fTUw94veqfE";"NL";50
"fTUw94veqfE";"PL";14
"fTUw94veqfE";"PT";13
"fTUw94veqfE";"RU";13
"fTUw94veqfE";"ZA";22
"cr9UBeZ3AvQ";"AU";20
"cr9UBeZ3AvQ";"BR";34
"cr9UBeZ3AvQ";"CA";32
"z7FBukPBKzg";"HK";82
"uuwxWnAILr0";"BR";19
"uuwxWnAILr0";"DE";14
"Z40Txux1Lxk";"AR";39
"Z40Txux1Lxk";"AU";202
"Z40Txux1Lxk";"BE";15
"Z40Txux1Lxk";"BR";2894
"Z40Txux1Lxk";"CA";354
"Z40Txux1Lxk";"CH";14
"Z40Txux1Lxk";"CL";27
"Z40Txux1Lxk";"CO";26
"Z40Txux1Lxk";"DE";900
"Z40Txux1Lxk";"DK";27
"Z40Txux1Lxk";"ES";185
"Z40Txux1Lxk";"FR";126
"Z40Txux1Lxk";"ID";43
"Z40Txux1Lxk";"IL";21
"Z40Txux1Lxk";"IT";60
"Z40Txux1Lxk";"MX";64
"Z40Txux1Lxk";"MY";19
"Z40Txux1Lxk";"NL";279
"Z40Txux1Lxk";"NO";27
"Z40Txux1Lxk";"PE";20
"Z40Txux1Lxk";"PL";38
"Z40Txux1Lxk";"PT";15
"Z40Txux1Lxk";"SE";45
"Z40Txux1Lxk";"SG";17
"Z40Txux1Lxk";"TR";32
"EmALxO7V7y0";"AU";163
"EmALxO7V7y0";"BR";4206
"EmALxO7V7y0";"CA";837
"EmALxO7V7y0";"CL";29
"EmALxO7V7y0";"DE";1054
"EmALxO7V7y0";"ES";74
"EmALxO7V7y0";"FR";158
"EmALxO7V7y0";"ID";148
"EmALxO7V7y0";"MY";20
"EmALxO7V7y0";"NL";110
"EmALxO7V7y0";"RU";24
"YeI_n8myE68";"AU";28
"YeI_n8myE68";"CA";13
"YeI_n8myE68";"DE";16
"YeI_n8myE68";"NL";15
"s9ck7xx85mA";"AU";26
"s9ck7xx85mA";"BR";34
"s9ck7xx85mA";"CA";18
"s9ck7xx85mA";"DE";13
"s9ck7xx85mA";"NL";48
"s9ck7xx85mA";"RU";15
"DMtlv-BlKP4";"AU";197
"DMtlv-BlKP4";"CA";154
"DMtlv-BlKP4";"DE";1596
"DMtlv-BlKP4";"FR";30
"DMtlv-BlKP4";"LK";14
"DMtlv-BlKP4";"MN";17
"DMtlv-BlKP4";"NL";565
"DMtlv-BlKP4";"RU";16
"duMSovyosXE";"AU";194
"duMSovyosXE";"BR";21
"duMSovyosXE";"CA";184
"duMSovyosXE";"DE";106
"duMSovyosXE";"DZ";13
"duMSovyosXE";"ES";24
"duMSovyosXE";"FR";71
"duMSovyosXE";"PH";20
"CoTLQiMZFbI";"AU";288
"CoTLQiMZFbI";"CA";304
"CoTLQiMZFbI";"DE";173
"CoTLQiMZFbI";"FR";33
"CoTLQiMZFbI";"NL";71
"5XxUVbLVdQE";"AU";24
"5XxUVbLVdQE";"CA";29
"5XxUVbLVdQE";"NL";13
"H3-evk6-qpQ";"AU";19
"H3-evk6-qpQ";"BR";23
"H3-evk6-qpQ";"DE";18
"H3-evk6-qpQ";"NL";15
"vbg4Je1tuis";"AU";45
"vbg4Je1tuis";"BR";124
"vbg4Je1tuis";"CA";21
"vbg4Je1tuis";"DE";26
"vbg4Je1tuis";"ES";41
"vbg4Je1tuis";"NL";57
"vbg4Je1tuis";"PL";18
"8e8a3o1w51M";"AU";96
"8e8a3o1w51M";"BR";37
"8e8a3o1w51M";"CA";79
"8e8a3o1w51M";"DE";38
"8e8a3o1w51M";"NL";35
"pCgK-Ze3nhA";"AU";206
"pCgK-Ze3nhA";"CA";216
"pCgK-Ze3nhA";"DE";141
"pCgK-Ze3nhA";"FR";44
"pCgK-Ze3nhA";"NL";65
"pCgK-Ze3nhA";"PK";22
"pCgK-Ze3nhA";"TH";20
"dzJvTcCedm8";"BR";32
"WSnB5y2JXv8";"AU";38
"WSnB5y2JXv8";"BR";32
"WSnB5y2JXv8";"DE";17
"WSnB5y2JXv8";"FR";15
"WSnB5y2JXv8";"NL";14
"WSnB5y2JXv8";"PL";19
"_bdHe3z_fVU";"AU";95
"_bdHe3z_fVU";"BR";33
"_bdHe3z_fVU";"CA";102
"_bdHe3z_fVU";"DE";20
"_bdHe3z_fVU";"FR";52
"_bdHe3z_fVU";"NL";34
"Y3ahe3J3Zuo";"BR";13
"Y3ahe3J3Zuo";"CA";33
"Y3ahe3J3Zuo";"DE";15
"BxKIJL5baAU";"BR";19
"BxKIJL5baAU";"DE";14
"BxKIJL5baAU";"PL";14
"WX0nH-lEpk4";"BR";13
"DWjbd7NPUCM";"AU";117
"DWjbd7NPUCM";"BR";25
"DWjbd7NPUCM";"CA";20
"DWjbd7NPUCM";"IL";16
"Z4E2jSZ4r6A";"AU";25
"Z4E2jSZ4r6A";"BR";18
"Z4E2jSZ4r6A";"DE";14
"oKi7rd16TjU";"CA";21
"oKi7rd16TjU";"DE";13
"6jeSIRpjv0M";"AU";118
"6jeSIRpjv0M";"BR";26
"6jeSIRpjv0M";"CA";217
"6jeSIRpjv0M";"DE";61
"6jeSIRpjv0M";"ES";25
"6jeSIRpjv0M";"FR";31
"6jeSIRpjv0M";"NL";38
"6jeSIRpjv0M";"PL";24
"6jeSIRpjv0M";"SE";13
"2SGXnYFdqu4";"AU";80
"2SGXnYFdqu4";"BR";88
"2SGXnYFdqu4";"CA";55
"2SGXnYFdqu4";"DE";41
"2SGXnYFdqu4";"FR";27
"2SGXnYFdqu4";"NL";14
"2SGXnYFdqu4";"RU";23
"2SGXnYFdqu4";"SA";21
"2SGXnYFdqu4";"TH";21
"BY0WV05IeNk";"BR";36
"BY0WV05IeNk";"DE";24
"8D6IbflW5OI";"NL";13
"Ds8Twy4VvzU";"AU";43
"Ds8Twy4VvzU";"BR";50
"Ds8Twy4VvzU";"CA";65
"Ds8Twy4VvzU";"DE";27
"Ds8Twy4VvzU";"ES";31
"Ds8Twy4VvzU";"NL";75
"Ds8Twy4VvzU";"PL";14
"Ds8Twy4VvzU";"RU";29
"uwjOFYz-FxM";"AU";66
"uwjOFYz-FxM";"BR";107
"uwjOFYz-FxM";"CA";22
"uwjOFYz-FxM";"CZ";13
"uwjOFYz-FxM";"DE";28
"uwjOFYz-FxM";"ES";13
"uwjOFYz-FxM";"FR";57
"uwjOFYz-FxM";"NL";34
"uwjOFYz-FxM";"PL";16
"4V-yeg4fva0";"BR";26
"JHuH7iGcPoY";"AU";13
"lFd2hjkKz_Q";"BR";13
"lFd2hjkKz_Q";"NL";22
"LG-fdqSIFxE";"AU";31
"LG-fdqSIFxE";"BR";21
"LG-fdqSIFxE";"CA";22
"LG-fdqSIFxE";"NL";31
"LG-fdqSIFxE";"PL";16
"6ZM5uFFAd_w";"AU";43
"6ZM5uFFAd_w";"BR";17
"6ZM5uFFAd_w";"CA";13
"6ZM5uFFAd_w";"NL";20
"L2ELtem2iGY";"AE";32
"L2ELtem2iGY";"AU";49
"L2ELtem2iGY";"BR";25
"L2ELtem2iGY";"CA";24
"L2ELtem2iGY";"DE";15
"L2ELtem2iGY";"NL";51
"L2ELtem2iGY";"PL";18
"L2ELtem2iGY";"RU";18
"OIGGrrnMIgk";"CA";20
"qeWN5gq9EE8";"AU";20
"qeWN5gq9EE8";"BR";16
"qeWN5gq9EE8";"CA";58
"qeWN5gq9EE8";"NL";17
"nvv4tPOY8lo";"AU";13
"nvv4tPOY8lo";"BR";13
"nvv4tPOY8lo";"CA";14
"nvv4tPOY8lo";"DE";18
"nvv4tPOY8lo";"NL";22
"NjdZjozKboA";"CR";23
"6IHNYDy_Ynw";"CA";30
"6IHNYDy_Ynw";"DE";64
"U0YyIsqDWV4";"BR";24
"U0YyIsqDWV4";"CA";13
"U0YyIsqDWV4";"DE";13
"U0YyIsqDWV4";"NL";19
"U0YyIsqDWV4";"PL";16
"aus8JuVxajM";"AU";32
"_p9E8fiDRDw";"AU";13
"_p9E8fiDRDw";"DE";18
"_p9E8fiDRDw";"ES";14
"_p9E8fiDRDw";"NL";19
"Uuo8AsMxqss";"BR";25
"QFADxSyXwwY";"AU";24
"fKygF7VEJnQ";"AU";26
"fKygF7VEJnQ";"BR";29
"fKygF7VEJnQ";"CA";33
"fKygF7VEJnQ";"DE";16
"fKygF7VEJnQ";"DK";14
"fKygF7VEJnQ";"ES";24
"fKygF7VEJnQ";"IT";24
"fKygF7VEJnQ";"NL";42
"L1govVEBxDo";"RU";13
"OyvjGRnxCkw";"AE";23
"OyvjGRnxCkw";"AU";212
"OyvjGRnxCkw";"BR";37
"OyvjGRnxCkw";"CA";192
"OyvjGRnxCkw";"CO";69
"OyvjGRnxCkw";"DE";28
"OyvjGRnxCkw";"DK";22
"OyvjGRnxCkw";"NL";61
"OyvjGRnxCkw";"PL";16
"OyvjGRnxCkw";"SA";14
"m4a2c55eXMU";"BR";18
"m4a2c55eXMU";"NL";22
"GvKYUgka_4Y";"CA";34
"GvKYUgka_4Y";"SG";22
"AY_n9OWPgsk";"DE";13
"_JMSw6i5pzY";"CA";25
"eXz0cLDRMyg";"AU";57
"eXz0cLDRMyg";"CA";25
"eXz0cLDRMyg";"DE";31
"eXz0cLDRMyg";"ES";47
"eXz0cLDRMyg";"FR";41
"eXz0cLDRMyg";"NL";33
"UFD5S4Peqc4";"AE";22
"UFD5S4Peqc4";"AU";208
"UFD5S4Peqc4";"BR";85
"UFD5S4Peqc4";"CA";175
"UFD5S4Peqc4";"CH";17
"UFD5S4Peqc4";"DE";155
"UFD5S4Peqc4";"DK";35
"UFD5S4Peqc4";"ES";88
"UFD5S4Peqc4";"FR";42
"UFD5S4Peqc4";"ID";22
"UFD5S4Peqc4";"IL";40
"UFD5S4Peqc4";"IT";13
"UFD5S4Peqc4";"NL";115
"UFD5S4Peqc4";"NO";24
"UFD5S4Peqc4";"PH";22
"UFD5S4Peqc4";"PL";68
"UFD5S4Peqc4";"PT";39
"UFD5S4Peqc4";"RU";22
"UFD5S4Peqc4";"SE";66
"UFD5S4Peqc4";"TR";20
"UFD5S4Peqc4";"UA";13
"UFD5S4Peqc4";"ZA";22
"-3r5Amv8wdg";"CA";26
"-3r5Amv8wdg";"DE";18
"VKkN-FF66Zw";"AU";25
"VKkN-FF66Zw";"CA";42
"VKkN-FF66Zw";"DE";38
"VKkN-FF66Zw";"ES";26
"VKkN-FF66Zw";"NL";32
"fcv3CHBItJo";"AU";454
"fcv3CHBItJo";"BR";391
"fcv3CHBItJo";"CA";98
"fcv3CHBItJo";"DE";183
"fcv3CHBItJo";"ES";21
"fcv3CHBItJo";"MX";81
"fcv3CHBItJo";"NL";56
"fcv3CHBItJo";"PE";15
"fcv3CHBItJo";"SG";22
"P2hu_VsRVfM";"BR";170
"lOdLJx1zL7Y";"AU";34
"lOdLJx1zL7Y";"BR";37
"lOdLJx1zL7Y";"CA";35
"lOdLJx1zL7Y";"DE";13
"lOdLJx1zL7Y";"ES";16
"lOdLJx1zL7Y";"RU";31
"u7SyqTpLIJc";"AU";50
"u7SyqTpLIJc";"BR";73
"u7SyqTpLIJc";"CA";61
"u7SyqTpLIJc";"DE";30
"u7SyqTpLIJc";"NL";41
"u7SyqTpLIJc";"PL";14
"u7SyqTpLIJc";"RU";25
"wUzZChTlzdE";"BR";33
"wUzZChTlzdE";"CA";30
"wUzZChTlzdE";"NL";15
"ezGQ1YxfAOU";"AU";72
"ezGQ1YxfAOU";"BR";51
"ezGQ1YxfAOU";"CA";43
"ezGQ1YxfAOU";"DE";65
"ezGQ1YxfAOU";"ES";60
"ezGQ1YxfAOU";"FR";24
"ezGQ1YxfAOU";"NL";80
"ezGQ1YxfAOU";"PL";28
"ezGQ1YxfAOU";"RU";22
"dcjQLZgoNA0";"AU";40
"dcjQLZgoNA0";"BR";94
"dcjQLZgoNA0";"CA";76
"dcjQLZgoNA0";"DE";62
"i1kCHZEhnEY";"AE";35
"i1kCHZEhnEY";"AU";694
"i1kCHZEhnEY";"BR";132
"i1kCHZEhnEY";"CA";699
"i1kCHZEhnEY";"CL";13
"i1kCHZEhnEY";"CO";42
"i1kCHZEhnEY";"CR";25
"i1kCHZEhnEY";"DE";454
"i1kCHZEhnEY";"EC";16
"i1kCHZEhnEY";"ES";127
"i1kCHZEhnEY";"FR";334
"i1kCHZEhnEY";"ID";24
"i1kCHZEhnEY";"IE";23
"i1kCHZEhnEY";"JP";13
"i1kCHZEhnEY";"MX";204
"i1kCHZEhnEY";"MY";36
"i1kCHZEhnEY";"NL";242
"i1kCHZEhnEY";"NZ";21
"i1kCHZEhnEY";"PH";16
"i1kCHZEhnEY";"PK";26
"i1kCHZEhnEY";"PL";38
"i1kCHZEhnEY";"RU";135
"i1kCHZEhnEY";"SA";49
"i1kCHZEhnEY";"SE";66
"i1kCHZEhnEY";"SG";59
"i1kCHZEhnEY";"ZA";95
"AZAL-QPn5Zc";"AU";209
"AZAL-QPn5Zc";"BR";140
"AZAL-QPn5Zc";"CA";203
"AZAL-QPn5Zc";"DE";358
"AZAL-QPn5Zc";"DK";14
"AZAL-QPn5Zc";"ES";85
"AZAL-QPn5Zc";"FR";64
"AZAL-QPn5Zc";"IL";23
"AZAL-QPn5Zc";"IT";26
"AZAL-QPn5Zc";"JP";31
"AZAL-QPn5Zc";"NL";135
"AZAL-QPn5Zc";"PL";36
"AZAL-QPn5Zc";"RU";17
"AZAL-QPn5Zc";"TR";13
"AZAL-QPn5Zc";"VN";22
"AZAL-QPn5Zc";"ZA";20
"yP791KGnrek";"AU";24
"yP791KGnrek";"BR";15
"yP791KGnrek";"NL";20
"h6zprXwtmfg";"BR";21
"h6zprXwtmfg";"NL";15
"kXgm7984oTs";"BR";46
"kXgm7984oTs";"AU";32
"kXgm7984oTs";"FR";45
"kXgm7984oTs";"CA";31
"kXgm7984oTs";"DE";18
"kXgm7984oTs";"NL";28
"kXgm7984oTs";"PL";40
"kXgm7984oTs";"ES";16
"0Stq-erLMlo";"BR";18
"0Stq-erLMlo";"FR";14
"0Stq-erLMlo";"CA";13
"0Stq-erLMlo";"DE";16
"Wt7ee9-jJwk";"GB";631
"no0j59bcrW8";"GB";191
"4xapOrfLvbg";"GB";4837
"XGbhdoiR-A8";"GB";39
"_GOIflxSlYI";"GB";273
"gNCTjoCu6k4";"GB";49
"wG3J8lO9d5I";"GB";48
"HJr4mLYsnB8";"GB";41
"fLqvaWJtwhQ";"GB";211
"-tTYPCTciyU";"GB";79
"hilfglpKNRQ";"GB";112
"cTqFNg_y9lw";"GB";68
"IURWlw2_6Ks";"GB";57
"iyGBZsLxe54";"GB";128
"AJxCCfFmLTQ";"GB";251
"EJwbwMB-fDQ";"GB";40
"ZlKMxbC4ehg";"GB";34
"icf7Hfj22vg";"GB";32
"DtOfcsS_pQw";"GB";29
"KJod3LG84bk";"GB";223
"7vCD8Zu686Q";"GB";336
"XKmTknbusnY";"GB";62
"KngjlmJCpUs";"GB";20
"gkMjAYFeSiM";"GB";125
"RVcJ3O_O2Jg";"GB";2401
"eNP36ozsnss";"GB";47
"SI0Oxt2Mu-Y";"GB";139
"dbZJLFI-t-Y";"GB";82
"X47XlpkMfe8";"GB";114
"bU35LnSfo70";"GB";95
"MXKDEyc-vtU";"GB";34
"O0VsTLDTjss";"GB";84
"Pk3uKEuLrUY";"GB";72
"A4iG8S4EpHs";"GB";54
"iyc74jnjKV8";"GB";21
"uq5PQg_hZro";"GB";69
"ppQ0DdtBaCw";"GB";33
"t4kd-QY6Rh0";"GB";69
"fktQmk0a9OI";"GB";49
"4pdzhKNwQlY";"GB";353
"pEAwvMkpA8I";"GB";90
"T1q3BF5_YJ8";"GB";166
"Ka7Ds4EAjNQ";"GB";65
"x-1NiopFC9g";"GB";24
"6M7AhO8vbNw";"GB";23
"syzA3PZx3qk";"GB";57
"UqTAJxp--c4";"GB";20
"IZJijGvbZks";"GB";23
"Ys11kq35rHU";"GB";25
"PAX5GP9SkTA";"GB";131
"di_J3aFqY9E";"GB";21
"1VNfhqILnh8";"GB";31
"fTUw94veqfE";"GB";151
"cr9UBeZ3AvQ";"GB";56
"uuwxWnAILr0";"GB";47
"Z40Txux1Lxk";"GB";1218
"3QiTBXfxzHA";"GB";21
"EmALxO7V7y0";"GB";1594
"YeI_n8myE68";"GB";42
"-kOvK7IV3sg";"GB";27
"s9ck7xx85mA";"GB";47
"DMtlv-BlKP4";"GB";1762
"duMSovyosXE";"GB";897
"CoTLQiMZFbI";"GB";1059
"5XxUVbLVdQE";"GB";61
"H3-evk6-qpQ";"GB";53
"vbg4Je1tuis";"GB";187
"8e8a3o1w51M";"GB";184
"pCgK-Ze3nhA";"GB";756
"dzJvTcCedm8";"GB";53
"WSnB5y2JXv8";"GB";60
"_bdHe3z_fVU";"GB";682
"Y3ahe3J3Zuo";"GB";46
"BxKIJL5baAU";"GB";44
"WX0nH-lEpk4";"GB";21
"DWjbd7NPUCM";"GB";141
"Z4E2jSZ4r6A";"GB";32
"oKi7rd16TjU";"GB";34
"6jeSIRpjv0M";"GB";731
"2SGXnYFdqu4";"GB";107
"4NgQLqHI6hU";"GB";61
"BY0WV05IeNk";"GB";18
"8D6IbflW5OI";"GB";13
"2kmFfbOeFJg";"GB";22
"Ds8Twy4VvzU";"GB";158
"rXDomxfoY1o";"GB";294
"uwjOFYz-FxM";"GB";157
"JHuH7iGcPoY";"GB";13
"lFd2hjkKz_Q";"GB";148
"LG-fdqSIFxE";"GB";71
"6ZM5uFFAd_w";"GB";42
"L2ELtem2iGY";"GB";98
"OIGGrrnMIgk";"GB";64
"qeWN5gq9EE8";"GB";203
"T7ckdeGOhnU";"GB";30
"nvv4tPOY8lo";"GB";46
"6IHNYDy_Ynw";"GB";98
"U0YyIsqDWV4";"GB";45
"_p9E8fiDRDw";"GB";43
"sepAWgLOCBI";"GB";20
"QFADxSyXwwY";"GB";34
"fKygF7VEJnQ";"GB";68
"L1govVEBxDo";"GB";31
"OyvjGRnxCkw";"GB";360
"Wz0N0c3EzVg";"GB";22
"m4a2c55eXMU";"GB";33
"GvKYUgka_4Y";"GB";188
"AY_n9OWPgsk";"GB";23
"_JMSw6i5pzY";"GB";33
"eXz0cLDRMyg";"GB";69
"UFD5S4Peqc4";"GB";580
"-3r5Amv8wdg";"GB";17
"VKkN-FF66Zw";"GB";77
"fcv3CHBItJo";"GB";720
"P2hu_VsRVfM";"GB";105
"lOdLJx1zL7Y";"GB";132
"u7SyqTpLIJc";"GB";118
"wUzZChTlzdE";"GB";78
"ezGQ1YxfAOU";"GB";100
"dcjQLZgoNA0";"GB";362
"i1kCHZEhnEY";"GB";3267
"AZAL-QPn5Zc";"GB";623
"yP791KGnrek";"GB";49
"h6zprXwtmfg";"GB";23
"S2k2dxf_QWc";"GB";21
"kXgm7984oTs";"GB";65
"0Stq-erLMlo";"GB";32
"Wt7ee9-jJwk";"IN";1120
"no0j59bcrW8";"IN";427
"4xapOrfLvbg";"IN";8381
"XGbhdoiR-A8";"IN";164
"_GOIflxSlYI";"IN";480
"gNCTjoCu6k4";"IN";123
"wG3J8lO9d5I";"IN";321
"HJr4mLYsnB8";"IN";213
"fLqvaWJtwhQ";"IN";1468
"ZilC968Fc9c";"IN";379
"-tTYPCTciyU";"IN";322
"hilfglpKNRQ";"IN";226
"cTqFNg_y9lw";"IN";177
"IURWlw2_6Ks";"IN";123
"iyGBZsLxe54";"IN";1901
"AJxCCfFmLTQ";"IN";1320
"EJwbwMB-fDQ";"IN";546
"ZlKMxbC4ehg";"IN";398
"8H9xM741hBQ";"IN";66
"DtOfcsS_pQw";"IN";111
"KJod3LG84bk";"IN";565
"_8vw30ltFJ0";"IN";44
"7vCD8Zu686Q";"IN";1835
"vWnMk3E1lIc";"IN";2107
"XKmTknbusnY";"IN";103
"KngjlmJCpUs";"IN";16
"gkMjAYFeSiM";"IN";1079
"RVcJ3O_O2Jg";"IN";5743
"eNP36ozsnss";"IN";237
"SI0Oxt2Mu-Y";"IN";331
"S1kTTQARvVs";"IN";38
"dbZJLFI-t-Y";"IN";560
"X47XlpkMfe8";"IN";1292
"bU35LnSfo70";"IN";4388
"MXKDEyc-vtU";"IN";63
"O0VsTLDTjss";"IN";346
"Pk3uKEuLrUY";"IN";111
"A4iG8S4EpHs";"IN";197
"iyc74jnjKV8";"IN";170
"uq5PQg_hZro";"IN";90
"ppQ0DdtBaCw";"IN";101
"t4kd-QY6Rh0";"IN";297
"fktQmk0a9OI";"IN";187
"A9yVhbgxgl8";"IN";79
"qZtfSNReft4";"IN";25
"4pdzhKNwQlY";"IN";1373
"9XsMt1TxNeM";"IN";34
"pEAwvMkpA8I";"IN";1750
"T1q3BF5_YJ8";"IN";641
"VRQq7XVWdR8";"IN";341
"KkUg3-R9kcA";"IN";14
"Ka7Ds4EAjNQ";"IN";564
"KjUAEci6G20";"IN";81
"x-1NiopFC9g";"IN";95
"6M7AhO8vbNw";"IN";122
"syzA3PZx3qk";"IN";451
"UqTAJxp--c4";"IN";92
"RnMrGaiVWtQ";"IN";41
"IZJijGvbZks";"IN";68
"Ys11kq35rHU";"IN";136
"PAX5GP9SkTA";"IN";615
"HRJRJ3D9cq8";"IN";29
"di_J3aFqY9E";"IN";84
"1VNfhqILnh8";"IN";123
"cS1omlvorrk";"IN";20
"fTUw94veqfE";"IN";391
"cr9UBeZ3AvQ";"IN";199
"z7FBukPBKzg";"IN";86
"uuwxWnAILr0";"IN";95
"Z40Txux1Lxk";"IN";7533
"3QiTBXfxzHA";"IN";182
"EmALxO7V7y0";"IN";10652
"TEmNcM6OnSc";"IN";19
"YeI_n8myE68";"IN";199
"Anv3X3EuHZ8";"IN";222
"-kOvK7IV3sg";"IN";54
"FO6e3rjSslQ";"IN";159
"s9ck7xx85mA";"IN";243
"DMtlv-BlKP4";"IN";1309
"DRVDYOrVdlQ";"IN";27
"duMSovyosXE";"IN";9822
"CoTLQiMZFbI";"IN";5806
"5XxUVbLVdQE";"IN";143
"H3-evk6-qpQ";"IN";158
"vbg4Je1tuis";"IN";451
"8e8a3o1w51M";"IN";934
"pCgK-Ze3nhA";"IN";9151
"dzJvTcCedm8";"IN";876
"WSnB5y2JXv8";"IN";147
"_bdHe3z_fVU";"IN";4964
"Y3ahe3J3Zuo";"IN";137
"BxKIJL5baAU";"IN";113
"WX0nH-lEpk4";"IN";30
"DWjbd7NPUCM";"IN";2962
"651eVDaL34o";"IN";18
"Z4E2jSZ4r6A";"IN";91
"oKi7rd16TjU";"IN";122
"2RZkc_qrV1g";"IN";48
"6jeSIRpjv0M";"IN";9947
"2SGXnYFdqu4";"IN";440
"4NgQLqHI6hU";"IN";575
"BY0WV05IeNk";"IN";317
"8D6IbflW5OI";"IN";123
"2kmFfbOeFJg";"IN";275
"Ds8Twy4VvzU";"IN";526
"rXDomxfoY1o";"IN";3076
"uwjOFYz-FxM";"IN";1696
"4V-yeg4fva0";"IN";52
"JHuH7iGcPoY";"IN";152
"1UkDaiRGShM";"IN";628
"lFd2hjkKz_Q";"IN";4726
"8JKgW9mS9WM";"IN";37
"LG-fdqSIFxE";"IN";245
"6ZM5uFFAd_w";"IN";159
"L2ELtem2iGY";"IN";461
"OIGGrrnMIgk";"IN";3056
"2V9cLPXPemg";"IN";290
"qeWN5gq9EE8";"IN";2730
"T7ckdeGOhnU";"IN";77
"nvv4tPOY8lo";"IN";227
"NjdZjozKboA";"IN";82
"6IHNYDy_Ynw";"IN";468
"U0YyIsqDWV4";"IN";194
"aus8JuVxajM";"IN";64
"_p9E8fiDRDw";"IN";90
"sepAWgLOCBI";"IN";64
"Uuo8AsMxqss";"IN";126
"QFADxSyXwwY";"IN";1186
"fKygF7VEJnQ";"IN";358
"L1govVEBxDo";"IN";35
"OyvjGRnxCkw";"IN";814
"Wz0N0c3EzVg";"IN";90
"m4a2c55eXMU";"IN";283
"GvKYUgka_4Y";"IN";1414
"AY_n9OWPgsk";"IN";77
"0v8DZuyM2GU";"IN";52
"_JMSw6i5pzY";"IN";91
"eXz0cLDRMyg";"IN";197
"xuBfK0oJmw8";"IN";50
"UFD5S4Peqc4";"IN";1640
"151Quamk9Uo";"IN";66
"-3r5Amv8wdg";"IN";26
"VKkN-FF66Zw";"IN";1330
"fcv3CHBItJo";"IN";8820
"P2hu_VsRVfM";"IN";640
"lOdLJx1zL7Y";"IN";414
"u7SyqTpLIJc";"IN";241
"wUzZChTlzdE";"IN";298
"ezGQ1YxfAOU";"IN";210
"ksSg7hhMDbU";"IN";44
"dcjQLZgoNA0";"IN";6217
"uFhsqX_A6XA";"IN";58
"i1kCHZEhnEY";"IN";10013
"AZAL-QPn5Zc";"IN";2783
"yP791KGnrek";"IN";41
"h6zprXwtmfg";"IN";74
"S2k2dxf_QWc";"IN";92
"kXgm7984oTs";"IN";328
"0Stq-erLMlo";"IN";141
"Wt7ee9-jJwk";"US";1913
"no0j59bcrW8";"US";514
"4xapOrfLvbg";"US";20817
"XGbhdoiR-A8";"US";205
"_GOIflxSlYI";"US";820
"gNCTjoCu6k4";"US";208
"wG3J8lO9d5I";"US";2192
"HJr4mLYsnB8";"US";2460
"fLqvaWJtwhQ";"US";5548
"ZilC968Fc9c";"US";1505
"-tTYPCTciyU";"US";318
"hilfglpKNRQ";"US";543
"cTqFNg_y9lw";"US";795
"IURWlw2_6Ks";"US";396
"iyGBZsLxe54";"US";1368
"AJxCCfFmLTQ";"US";4400
"EJwbwMB-fDQ";"US";331
"ZlKMxbC4ehg";"US";1282
"icf7Hfj22vg";"US";811
"8H9xM741hBQ";"US";928
"DtOfcsS_pQw";"US";167
"KJod3LG84bk";"US";1399
"Ax-jgwnolNI";"US";82
"_8vw30ltFJ0";"US";74
"7vCD8Zu686Q";"US";2378
"vWnMk3E1lIc";"US";2319
"XKmTknbusnY";"US";1762
"KngjlmJCpUs";"US";69
"gkMjAYFeSiM";"US";2629
"kJ37glO4wBY";"US";42
"RVcJ3O_O2Jg";"US";16633
"eNP36ozsnss";"US";396
"SI0Oxt2Mu-Y";"US";480
"S1kTTQARvVs";"US";161
"dbZJLFI-t-Y";"US";6078
"X47XlpkMfe8";"US";2837
"bU35LnSfo70";"US";5536
"MXKDEyc-vtU";"US";186
"O0VsTLDTjss";"US";303
"Pk3uKEuLrUY";"US";146
"A4iG8S4EpHs";"US";394
"iyc74jnjKV8";"US";61
"uq5PQg_hZro";"US";1223
"ppQ0DdtBaCw";"US";185
"t4kd-QY6Rh0";"US";427
"fktQmk0a9OI";"US";300
"A9yVhbgxgl8";"US";69
"qZtfSNReft4";"US";663
"4pdzhKNwQlY";"US";9233
"9XsMt1TxNeM";"US";58
"pEAwvMkpA8I";"US";2565
"T1q3BF5_YJ8";"US";1734
"VRQq7XVWdR8";"US";1729
"KkUg3-R9kcA";"US";38
"Ka7Ds4EAjNQ";"US";6253
"KjUAEci6G20";"US";35
"x-1NiopFC9g";"US";111
"6M7AhO8vbNw";"US";277
"syzA3PZx3qk";"US";3498
"nePWIVgHobs";"US";23
"UqTAJxp--c4";"US";86
"RnMrGaiVWtQ";"US";1024
"IZJijGvbZks";"US";69
"Ys11kq35rHU";"US";128
"PAX5GP9SkTA";"US";586
"HRJRJ3D9cq8";"US";176
"di_J3aFqY9E";"US";5556
"1VNfhqILnh8";"US";134
"cS1omlvorrk";"US";1337
"fTUw94veqfE";"US";547
"cr9UBeZ3AvQ";"US";246
"z7FBukPBKzg";"US";250
"uuwxWnAILr0";"US";177
"Z40Txux1Lxk";"US";13969
"3QiTBXfxzHA";"US";1417
"EmALxO7V7y0";"US";18260
"TEmNcM6OnSc";"US";29
"YeI_n8myE68";"US";173
"Anv3X3EuHZ8";"US";1166
"-kOvK7IV3sg";"US";129
"FO6e3rjSslQ";"US";199
"s9ck7xx85mA";"US";339
"DMtlv-BlKP4";"US";12917
"DRVDYOrVdlQ";"US";50
"duMSovyosXE";"US";11193
"CoTLQiMZFbI";"US";13993
"5XxUVbLVdQE";"US";176
"H3-evk6-qpQ";"US";191
"vbg4Je1tuis";"US";540
"8e8a3o1w51M";"US";1748
"pCgK-Ze3nhA";"US";14684
"dzJvTcCedm8";"US";1694
"WSnB5y2JXv8";"US";209
"_bdHe3z_fVU";"US";11887
"Y3ahe3J3Zuo";"US";434
"BxKIJL5baAU";"US";148
"WX0nH-lEpk4";"US";2777
"DWjbd7NPUCM";"US";5801
"651eVDaL34o";"US";70
"Z4E2jSZ4r6A";"US";187
"oKi7rd16TjU";"US";256
"2RZkc_qrV1g";"US";255
"6jeSIRpjv0M";"US";10476
"2SGXnYFdqu4";"US";512
"4NgQLqHI6hU";"US";4468
"BY0WV05IeNk";"US";977
"8D6IbflW5OI";"US";90
"2kmFfbOeFJg";"US";1924
"Ds8Twy4VvzU";"US";497
"rXDomxfoY1o";"US";10153
"uwjOFYz-FxM";"US";2042
"4V-yeg4fva0";"US";102
"JHuH7iGcPoY";"US";362
"1UkDaiRGShM";"US";2125
"lFd2hjkKz_Q";"US";5254
"rLmZYThOJg0";"US";31
"8JKgW9mS9WM";"US";34
"LG-fdqSIFxE";"US";441
"6ZM5uFFAd_w";"US";160
"L2ELtem2iGY";"US";333
"OIGGrrnMIgk";"US";4417
"2V9cLPXPemg";"US";830
"qeWN5gq9EE8";"US";5130
"T7ckdeGOhnU";"US";117
"HEMARcoxhkI";"US";68
"nvv4tPOY8lo";"US";188
"NjdZjozKboA";"US";222
"YfdypVSYb9c";"US";20
"6IHNYDy_Ynw";"US";6797
"U0YyIsqDWV4";"US";240
"aus8JuVxajM";"US";296
"_p9E8fiDRDw";"US";178
"sepAWgLOCBI";"US";2718
"Uuo8AsMxqss";"US";1163
"QFADxSyXwwY";"US";3190
"fKygF7VEJnQ";"US";415
"L1govVEBxDo";"US";134
"OyvjGRnxCkw";"US";1327
"Wz0N0c3EzVg";"US";76
"m4a2c55eXMU";"US";240
"GvKYUgka_4Y";"US";4041
"AY_n9OWPgsk";"US";89
"0v8DZuyM2GU";"US";76
"_JMSw6i5pzY";"US";816
"eXz0cLDRMyg";"US";269
"xuBfK0oJmw8";"US";76
"UFD5S4Peqc4";"US";4050
"HvPh2go8xJs";"US";54
"151Quamk9Uo";"US";104
"-3r5Amv8wdg";"US";119
"VKkN-FF66Zw";"US";3082
"fcv3CHBItJo";"US";12668
"P2hu_VsRVfM";"US";2716
"lOdLJx1zL7Y";"US";2822
"u7SyqTpLIJc";"US";495
"wUzZChTlzdE";"US";415
"ezGQ1YxfAOU";"US";374
"ksSg7hhMDbU";"US";54
"dcjQLZgoNA0";"US";13111
"uFhsqX_A6XA";"US";44
"i1kCHZEhnEY";"US";13866
"AZAL-QPn5Zc";"US";4979
"yP791KGnrek";"US";124
"h6zprXwtmfg";"US";58
"6_1XDU3I-50";"US";91
"S2k2dxf_QWc";"US";135
"kXgm7984oTs";"US";227
"0Stq-erLMlo";"US";82
